cell_line,protein_change
A427_LUNG,p.G12D
A549_LUNG,p.G12S
AGS_STOMACH,p.G12D
AMO1_HAEMATOPOIETIC_AND_LYMPHOID_TISSUE,p.A146T
ASPC1_PANCREAS,p.G12D
CALU1_LUNG,p.G12C
CALU6_LUNG,p.Q61K
CFPAC1_PANCREAS,p.G12V
CL11_LARGE_INTESTINE,p.Q61H
COLO678_LARGE_INTESTINE,p.G12D
CORL23_LUNG,p.G12V
DANG_PANCREAS,p.G12V
GP2D_LARGE_INTESTINE,p.G12D
GSU_STOMACH,p.G12D
HCC44_LUNG,p.G12C
HCC461_LUNG,p.G12D
HCC515_LUNG,p.G13D
HCT116_LARGE_INTESTINE,p.G13D
HCT15_LARGE_INTESTINE,p.G13D
HEC1A_ENDOMETRIUM,p.G12D
HEC50B_ENDOMETRIUM,p.G12D
HEYA8_OVARY,p.G12D
HMC18_BREAST,p.G12V
HOP62_LUNG,p.G12C
HPAC_PANCREAS,p.G12D
HPAFII_PANCREAS,p.G12D
HRT18_LARGE_INTESTINE,p.G13D
HS766T_PANCREAS,p.Q61H
HUPT3_PANCREAS,p.G12R
HUPT4_PANCREAS,p.G12V
IALM_LUNG,p.G12C
KMS28BM_HAEMATOPOIETIC_AND_LYMPHOID_TISSUE,p.G12A
KP1NL_PANCREAS,p.G12D
KP1N_PANCREAS,p.G12D
KP2_PANCREAS,p.G12R
KP3_PANCREAS,p.G12V
KP4_PANCREAS,p.G12D
KPNSI9S_AUTONOMIC_GANGLIA,p.G12A
KYSE410_OESOPHAGUS,p.G12C
L33_PANCREAS,p.G12D
LCLC97TM1_LUNG,p.G12V
LOVO_LARGE_INTESTINE,p.G13D
LS180_LARGE_INTESTINE,p.G12D
LS513_LARGE_INTESTINE,p.G12D
LU65_LUNG,p.G12C
LU99_LUNG,p.G12C
MDAMB231_BREAST,p.G13D
MIAPACA2_PANCREAS,p.G12C
MM1S_HAEMATOPOIETIC_AND_LYMPHOID_TISSUE,p.G12A
MORCPR_LUNG,p.G13C
NCIH1155_LUNG,p.Q61H
NCIH1339_LUNG,p.G12R
NCIH1355_LUNG,p.G13C
NCIH1373_LUNG,p.G12C
NCIH1573_LUNG,p.G12A
NCIH1792_LUNG,p.G12C
NCIH1944_LUNG,p.G13D
NCIH2009_LUNG,p.G12A
NCIH2030_LUNG,p.G12C
NCIH2122_LUNG,p.G12C
NCIH2291_LUNG,p.G12V;p.G12C
NCIH23_LUNG,p.G12C
NCIH2887_LUNG,p.G12V
NCIH358_LUNG,p.G12C
NCIH441_LUNG,p.G12V
NCIH460_LUNG,p.Q61H
NCIH647_LUNG,p.G13D
NCIH650_LUNG,p.Q61L
NCIH727_LUNG,p.G12V
NCIH747_LARGE_INTESTINE,p.G13D
NOMO1_HAEMATOPOIETIC_AND_LYMPHOID_TISSUE,p.G13D
OV7_OVARY,p.G12D
OVCAR8_OVARY,p.P121H
PANC0203_PANCREAS,p.G12D
PANC0327_PANCREAS,p.G12V
PANC0403_PANCREAS,p.G12D
PANC0504_PANCREAS,p.G12D
PANC0813_PANCREAS,p.G12D
PANC1005_PANCREAS,p.G12D
PANC1_PANCREAS,p.G12D
PATU8902_PANCREAS,p.G12V
PATU8988T_PANCREAS,p.G12V
PK1_PANCREAS,p.G12D
PSN1_PANCREAS,p.G12R
QGP1_PANCREAS,p.G12V
RERFLCAD2_LUNG,p.G12V
RKN_SOFT_TISSUE,p.G12V
RPMI8226_HAEMATOPOIETIC_AND_LYMPHOID_TISSUE,p.G12A
SHP77_LUNG,p.G12V
SJSA1_BONE,p.Q61H
SKCO1_LARGE_INTESTINE,p.G12V
SNGM_ENDOMETRIUM,p.G12V
SNU1_STOMACH,p.G12D
SNU407_LARGE_INTESTINE,p.G12D
SNU410_PANCREAS,p.G12D
SNU601_STOMACH,p.G12D
SNU61_LARGE_INTESTINE,p.G12D
SNU81_LARGE_INTESTINE,p.A146T
SNU8_OVARY,p.G12D
SNUC2A_LARGE_INTESTINE,p.G12D
SU8686_PANCREAS,p.G12D
SUIT2_PANCREAS,p.G12D
SW1463_LARGE_INTESTINE,p.G12C
SW1573_LUNG,p.G12C
SW1990_PANCREAS,p.G12D
SW403_LARGE_INTESTINE,p.G12V
SW480_LARGE_INTESTINE,p.G12V
SW620_LARGE_INTESTINE,p.G12V
SW837_LARGE_INTESTINE,p.G12C
SW948_LARGE_INTESTINE,p.Q61L
TCCPAN2_PANCREAS,p.G12R
TOV21G_OVARY,p.G13C
UMUC3_URINARY_TRACT,p.G12C
YD8_UPPER_AERODIGESTIVE_TRACT,p.G138V
