,barcode_sequence,gene_symbol
0,ACAAATCCATTGAGCCTTATT,SDHB
1,ACAGAAGAAATTCTGGCAGAT,EIF6
2,ACCTCAATAAGGTCTCAAAAT,SDHB
3,ACGAGATGATAGAAACAGAAT,GRK5
4,ACTGATGTGTGTTAATTATGA,BRAF
5,ACTTATGAAGTTGACCTTAAT,SDHB
6,AGAATGTGGAATACCTAAGGC,EGFR
7,AGAGAACTTCTACAGTGTGTT,EIF6
8,AGAGGAAATATGTACTACGAA,EGFR
9,AGATGAAGATCATCGAAATCA,BRAF
10,AGCCTATGAGATGCCTGCATT,COL8A1
11,AGCCTTATTTGAAGAAGAAGG,SDHB
12,AGCTGAACATAATTTATATCT,SDHB
13,AGGACTCTGAAGATGTACCTA,KRAS
14,AGGTGAAGTTTATATTTGAAT,KRAS
15,AGTACTATTTCTTAATGTAAC,KRAS
16,ATGTTATTCTACTTTATTAAC,SDHB
17,CAAATCCATTGAGCCTTATTT,SDHB
18,CAACAGGTGAAGAGCGATTAT,PTK2
19,CAAGAGTAATAATATATTTCT,BRAF
20,CAATAGAACCTGTCAATATTG,BRAF
21,CAATATGCTAATCCCACTTTA,PTK2
22,CAATTACTGTACACATTAAGG,KRAS
23,CACACAACTTTGTACGAAAAT,BRAF
24,CACACATGTATGTGATAAAGG,SDHB
25,CACACTTTGATTTGGGTTCAT,PTK2
26,CACAGCAGGTCAAGAGGAGTA,KRAS
27,CACAGTGGAGCGAATTCCTTT,EGFR
28,CACATGCCTTTGGCCAAAGAT,COL8A1
29,CACCACCCAATACCACAGGAA,BRAF
30,CACCACGTACCAGATGGATGT,EGFR
31,CACCAGAGGAGTGGAAATATG,PTK2
32,CACCAGCGTTGTAGTACAGAA,BRAF
33,CACTGATGTGTGTTAATTATG,BRAF
34,CACTGGCTTCACGTGGATATG,PTK2
35,CAGAGGATGTTCAATAACTGT,EGFR
36,CAGCAGTATCTGCAGTCCATA,SDHB
37,CAGCAGTGACTTTCTCAGCAA,EGFR
38,CAGCAGTTACAAGCCTTCAAA,BRAF
39,CAGCATGTCAAGATCACAGAT,EGFR
40,CAGCCTGACCAATATGGTGAA,RHBDL2
41,CAGCTTTCAGTCAGATGTATA,BRAF
42,CAGGAAGCAAGTAGTAATTGA,KRAS
43,CAGGACCCATTCTCTCTATAC,SDHB
44,CAGGCTCAGGACTTAGCAAGA,KRAS
45,CAGTTGAGACCTTCTAATTGG,KRAS
46,CATAAATAATACTAAATCATT,KRAS
47,CATGAGTTCTTGAAGAATAGT,KRAS
48,CATGGTATTGGATGCTTTAAT,SDHB
49,CCAAATTTGAGATGATCAAAC,BRAF
50,CCAACCTCAATAAGGTCTCAA,SDHB
51,CCAAGCTCTCTTGAGGATCTT,EGFR
52,CCACAGGAACTGGATATTCTG,EGFR
53,CCACAGGGATATCCAGGAGTT,COL8A1
54,CCACCAAATTAGCCTGGACAA,EGFR
55,CCACCACAAATTCCACAATAC,COL8A1
56,CCACCACATAAACTCAAACCA,GRK5
57,CCACCCAATACCACAGGAAGA,BRAF
58,CCACCTATGTACCAACGAGAT,RC3H2
59,CCAGCGTTGTAGTACAGAAGT,BRAF
60,CCAGGAAAGCCAGGTTTCCTT,COL8A1
61,CCAGGGATTATGAGATTCAAA,PTK2
62,CCATGAATACAGCATGTATAA,SDHB
63,CCATGCTAAACATGATTTATA,SDHB
64,CCATGGTATTGGATGCTTTAA,SDHB
65,CCATTGAGCCTTATTTGAAGA,SDHB
66,CCCAAAGGAGAAGGTGGGATT,COL8A1
67,CCCAGCTAATCTCACGTAGTA,RC3H2
68,CCCAGGAGAGAATGAAGCAAA,PTK2
69,CCCATATATTTGCTGAAGTTT,COG3
70,CCCATCAGTGTATCAGATTAT,RC3H2
71,CCCATCCAATTTATCAAGGAA,EGFR
72,CCCATGAGAAATTTACAGGAA,EGFR
73,CCCATGGTATTGGATGCTTTA,SDHB
74,CCCATTGAACTGACTTCAGTA,COG3
75,CCCGATTTGAGCAACTTCTAT,SDHB
76,CCCGTCGCTATCAAGGAATTA,EGFR
77,CCCTCTACAGCCTTATGACGA,PTK2
78,CCCTGGTAACTTGGAGGAATT,ESPL1
79,CCCTGGTTCACATGGAATCAC,PTK2
80,CCCTGTAACCTGACTGGTTAA,EGFR
81,CCCTTGGAAATGGTCCACAAA,RHBDL2
82,CCGAAGGACCATAGACAGAGA,GRK5
83,CCGATTGGAAACCAACATATA,PTK2
84,CCGATTTGAGCAACTTCTATG,SDHB
85,CCGCAAAGTGTGTAACGGAAT,EGFR
86,CCGCTCTCATATCTACACCTT,TRIM39
87,CCGCTGTCAAACATGTGGTTA,BRAF
88,CCGCTTCTTACACCAGTAATT,ESPL1
89,CCGGTCGAATGATAAGGTGTA,PTK2
90,CCGTACCCAAGAAAGGCAAAG,COL8A1
91,CCGTGGCTTGCATTGATAGAA,EGFR
92,CCTAACCATTGCGGAGAATAT,PTK2
93,CCTAATTATTGTAATGTAATA,KRAS
94,CCTACAGGAAGCAAGTAGTAA,KRAS
95,CCTACCCTCTACAGCCTTATG,PTK2
96,CCTATCGCTGGATGATTGACT,SDHB
97,CCTATGGTCCTAGTAGGAAAT,KRAS
98,CCTATGTGCAGAGGAATTATG,EGFR
99,CCTCAACCAGGGATTATGAGA,PTK2
100,CCTCAAGAGTAATAATATATT,BRAF
101,CCTCACATGCCTTTGGCCAAA,COL8A1
102,CCTCATATTGTGAAGCTGATT,PTK2
103,CCTCCAGAGGATGTTCAATAA,EGFR
104,CCTCCCAAAGTGTTGGGATCA,PTK2
105,CCTCCCAAAGTGTTGGGATTA,PTK2
106,CCTCGAGAAGGTCAACAGTCA,GRK5
107,CCTCGTTTCTACACAGAGAAA,KRAS
108,CCTCTGCCTCCCAGGTTCAAG,PTK2
109,CCTCTTCCACACATGTATGTG,SDHB
110,CCTGAAGTTCCCTCACATTAG,GRK5
111,CCTGAGATAAGAGAACATTAT,COG3
112,CCTGAGTAGCTGGGATTACAA,KRAS
113,CCTGAGTAGCTGGGATTACAG,KRAS
114,CCTGCAGATCATCAGAGGAAA,EGFR
115,CCTGGGTTAGATAAGGCAAAC,BRAF
116,CCTGGTAACTTGGAGGAATTT,ESPL1
117,CCTGTAATCCCAGCACTTTGG,RHBDL2
118,CCTGTAGTCCCAGCTACTTAG,RHBDL2
119,CCTGTAGTCCCAGCTACTTGA,RHBDL2
120,CCTGTAGTCCCAGCTACTTGG,RHBDL2
121,CCTGTATAAATGCCATTGATT,RC3H2
122,CCTTAGCAGTCTTATCTAACT,EGFR
123,CCTTGAAGCAATAAACTAAGT,BRAF
124,CCTTGACGATACAGCTAATTC,KRAS
125,CGAAGGACCATAGACAGAGAT,GRK5
126,CGAATATGATCCAACAATAGA,KRAS
127,CGACAGCAACAGGAAATGGAA,PTK2
128,CGACGTAGAACCTCGAGGTTT,GRK5
129,CGAGAAGGTCAACAGTCAGTT,GRK5
130,CGAGATGCTTAAGGATGTCAA,TRIM39
131,CGATACAGCTAATTCAGAATC,KRAS
132,CGATGCTACACAGGAGTACAA,TRIM39
133,CGATGTCATTGACCAAGCAAG,PTK2
134,CGATTTGAGCAACTTCTATGC,SDHB
135,CGCAAAGTGTGTAACGGAATA,EGFR
136,CGCAAGTGTAAGAAGTGCGAA,EGFR
137,CGCCTGTAATCCCAGCACTTT,RHBDL2
138,CGCTGGATGATTGACTCCAGA,SDHB
139,CGGAGAATATGGCTGACCTAA,PTK2
140,CGGGTTTGTATCATTCACTTG,BRAF
141,CGGTCCTTAGGTAGTGCTAGT,KRAS
142,CGGTTAGCCTGGGTTAGATAA,BRAF
143,CGTACCCAAGAAAGGCAAAGA,COL8A1
144,CGTGTGGATATGTGAAGCATT,PTK2
145,CTAATTTGAGTTCCTTTAAAG,SDHB
146,CTATGAAGAATACACCAGCAA,BRAF
147,CTCAGGACTTAGCAAGAAGTT,KRAS
148,CTCAGTAAGGTACGGAGTAAC,BRAF
149,CTCCCAAAGTGTTGGGATTAC,PTK2
150,CTCCGAAGGACCATAGACAGA,GRK5
151,CTCCTACCCTCTACAGCCTTA,PTK2
152,CTCCTGAGTAGCTGGGATTAC,KRAS
153,CTCCTGAGTAGCTGGGATTAT,KRAS
154,CTCTTGTGCAATGAACATCAA,SDHB
155,CTGCACAAGGACCTGTCCTAA,SDHB
156,CTGCAGATCATCAGAGGAAAT,EGFR
157,CTGCCACACCATCATGAACTG,SDHB
158,CTGCCCTAACATCTGGATCAT,BRAF
159,CTGCTCCATGCAGACTGTTAG,KRAS
160,CTGCTGCTGTGGATATCTCCA,KRAS
161,CTGGCAGTGTTTATTTACTAT,RHBDL2
162,CTGGGAGAGAAAGGGAAGGAA,GRK5
163,CTGGTGCCTACTATGGGATCA,COL8A1
164,CTGTGCAGAATCCTGTCTATC,EGFR
165,CTGTGGCTCTTGTGCAATGAA,SDHB
166,CTGTTTCCATGCTAAACATGA,SDHB
167,CTTGGCCCTGAGGACATTATT,PTK2
168,CTTTGGATTATCCCGATATAT,PTK2
169,GAACATAACATCCTTGGGATT,EGFR
170,GAACATATAGAGGCCCTATTG,BRAF
171,GAAGAAAGCTTCAGTTTAACT,SDHB
172,GAAGAATGCTGCACCACTTAC,TRIM39
173,GAAGGAAATTATGACCAAGTA,GRK5
174,GAATCGGGCTGGTTTCCAAAC,BRAF
175,GACCCTGGTAATGCTTTAGTC,COL8A1
176,GACGAATATGATCCAACAATA,KRAS
177,GACGATACAGCTAATTCAGAA,KRAS
178,GACTCCAGAGATGACTTCACA,SDHB
179,GAGAAACCTGTCTCTTGGATA,KRAS
180,GAGAAGGTCAACAGTCAGTTT,GRK5
181,GAGAATGTGGAATACCTAAGG,EGFR
182,GAGAGCATGAAGCAAAGAATT,PTK2
183,GAGAGTGTCTTCAAGCTGAAT,EIF6
184,GAGCAGCATCTGCTGAAGAGA,COL8A1
185,GAGCATAATCCACCATCAATA,BRAF
186,GAGCCTTATTTGAAGAAGAAG,SDHB
187,GAGCTTTCATAGAGAGTTTCA,KRAS
188,GAGGGCAAATACAGCTTTGGT,EGFR
189,GAGGGCTTTCTTTGTGTATTT,KRAS
190,GAGTGAATGTTCCCAAGTAGG,KRAS
191,GATAGGTAATTTAGATGAATT,KRAS
192,GATCAAACTTATAGATATTGC,BRAF
193,GATCCGACAATACAGATTGAA,KRAS
194,GATCTGTCCACGGGATCATAA,TRIM39
195,GATGCCTTCTATACATTAGTT,KRAS
196,GATGTTGGTTTAAAGCGATTT,PTK2
197,GATTTGACCTAATCACTAATT,KRAS
198,GCAACCTATAAGGAGAAGAAA,SDHB
199,GCAACTTCTATGCACAGTACA,SDHB
200,GCAAGGACATTGGTCTTTGAT,COL8A1
201,GCAATGTTATTTCTCTTGGAA,PTK2
202,GCAGACGTATATTGTATCATT,KRAS
203,GCAGATCCTCGAGAAGGTCAA,GRK5
204,GCAGATGAAGATCATCGAAAT,BRAF
205,GCAGCATCTGCTGAAGAGACA,COL8A1
206,GCAGGACCCATTCTCTCTATA,SDHB
207,GCAGGAGAATTGCTTGAACCT,RHBDL2
208,GCAGTATCGAGTGCTAGGAAA,GRK5
209,GCAGTCTTATCTAACTATGAT,EGFR
210,GCATATTTAGCTTGTGTCTTA,RHBDL2
211,GCATCAATGGATACCGTTACA,BRAF
212,GCATCTGCTGAAGAGACAGAA,COL8A1
213,GCCAACCCATCTGATGGAAGA,PTK2
214,GCCAAGCCAAATGGCATCTTT,EGFR
215,GCCAAGTTAGATGATTGTATA,COG3
216,GCCACAAAGCAGTGAATTTAT,EGFR
217,GCCACAACTGGCTATTGTTAC,BRAF
218,GCCACACCATCATGAACTGCA,SDHB
219,GCCACCACAAATTCCACAATA,COL8A1
220,GCCAGCTATCACATGTCCACT,BRAF
221,GCCAGGTTTCCTTGGTGAAGT,COL8A1
222,GCCCAGAAGAAGGAATCAGTT,PTK2
223,GCCCAGGTTTACTGAACTTAA,PTK2
224,GCCCATGAGAAATTTACAGGA,EGFR
225,GCCCTACATCTTATTTCCTCA,KRAS
226,GCCTATCAAGTGGATGGCATT,EGFR
227,GCCTATCGCTGGATGATTGAC,SDHB
228,GCCTATGAGATGCCTGCATTT,COL8A1
229,GCCTCCCAGAATATGACAGAT,PTK2
230,GCCTGACCAATATGGTGAAAC,RHBDL2
231,GCCTGCATTCAGTCCTTACTT,COG3
232,GCCTGTAATCCCAGCACTTTA,RHBDL2
233,GCCTGTAATCCCAGCACTTTG,RHBDL2
234,GCCTTAACAATGCGTCAGTTT,PTK2
235,GCCTTAGCAGTCTTATCTAAC,EGFR
236,GCGTTGTAGTACAGAAGTTCC,BRAF
237,GCTACCCTGGTTCACATGGAA,PTK2
238,GCTCACATTGCAGGTGGATTT,RHBDL2
239,GCTCACTGCAACCTCCATCTC,KRAS
240,GCTCAGAGCTGAACATAATTT,SDHB
241,GCTCAGGACTTAGCAAGAAGT,KRAS
242,GCTCCAGCTTGTATCACCATC,BRAF
243,GCTCCATGCAGACTGTTAGCT,KRAS
244,GCTCTCTATAGAAGGTTCTTT,RHBDL2
245,GCTGAGAATGTGGAATACCTA,EGFR
246,GCTGCTCACGAAAGATGCGAA,GRK5
247,GCTGCTCTGAAATCTCCTTTA,EGFR
248,GCTGCTGTACTACCCAACTTT,ESPL1
249,GCTGCTGTGGATATCTCCATG,KRAS
250,GCTGGAGACAAACCTCATATG,SDHB
251,GCTGGATGATAGACGCAGATA,EGFR
252,GCTGGTTTCCAAACAGAGGAT,BRAF
253,GCTGTATAACGGCAGACAGAA,COL8A1
254,GCTGTCTTATTGATGCTAGAA,ESPL1
255,GCTTGGTCCTGACCATCATGA,GRK5
256,GGAAGCAAGTAGTAATTGATG,KRAS
257,GGACAGTTACCTTATTCAAAC,BRAF
258,GGACGAATATGATCCAACAAT,KRAS
259,GGACTCTTCTTCCATATTAGT,KRAS
260,GGACTTAGCAAGAAGTTATGG,KRAS
261,GGAGAATGTTCCACTTACAAC,BRAF
262,GGAGAATTCTAGAAATAAATG,KRAS
263,GGAGCATAATCCACCATCAAT,BRAF
264,GGATTAATTACTAATTTCAGT,KRAS
265,GGCAGGAGAATTGCTTGAACC,RHBDL2
266,GGCCAGTTATAGCTTATTAGG,KRAS
267,GGCTGAGGCAGGAGAATTGCT,RHBDL2
268,GGGAGAACCATTCCACGAATA,GRK5
269,GGGCTATATTTACATGCTACT,KRAS
270,GGTAGGGTGTTAAGACTTACA,KRAS
271,GGTCCTGCTGACAAATCAAGA,KRAS
272,GTAGGCATATTCCTAGACTAT,TRIM39
273,GTATGCTTGATATGTGCAATT,TRIM39
274,GTCATCAGAATGCAAGATAAA,BRAF
275,GTCATGGGATACCTGGAATTA,COL8A1
276,GTCCGGGAACACAAAGACAAT,EGFR
277,GTCCTGTCTGTCGAAAGACAT,TRIM39
278,GTCTAGAAATACGGCGATCAT,PTK2
279,GTCTCCTGGTACCCAACAATA,EIF6
280,GTGAAACCCTGTCTCTACTAA,RHBDL2
281,GTGAGACTTTGAGGGTGTATA,GRK5
282,GTGCATCCCAAGACTTCAATT,EIF6
283,GTGCTTGGTCCTGACCATCAT,GRK5
284,GTGGACCAGGAAATTGCTTTG,PTK2
285,GTGGACGAATATGATCCAACA,KRAS
286,GTGGAGCGAATTCCTTTGGAA,EGFR
287,GTGGCTGGTTATGTCCTCATT,EGFR
288,GTGGTCCTTGGGAATTTGGAA,EGFR
289,GTGTTGATGATGCCTTCTATA,KRAS
290,TAACTGTTTCCATGCTAAACA,SDHB
291,TACGACAACTTGCACGTATTT,GRK5
292,TAGGACTCTTCTTCCATATTA,KRAS
293,TAGTTGGAGCTGGTGGCGTAG,KRAS
294,TCTCCATAAATGCTACGAATA,EGFR
295,TGAACGTGTTTGGACCTAATG,GRK5
296,TGAAGATATTCACCATTATAG,KRAS
297,TGAAGATCATCGAAATCAATT,BRAF
298,TGCTCTCATGGGTCTAGATAT,TRIM39
299,TGGACTCCGTGGCAGAATATG,GRK5
300,TGGATGCTTTAATCAAGATTA,SDHB
301,TGGGGCTATATTTACATGCTA,KRAS
302,TGGTTAAAGACTAGATATAAT,BRAF
303,TTCCACACATGTATGTGATAA,SDHB
304,TTGGTTGGGACACTGATATTT,BRAF
